Note,Qty,Value,Device,Package,Parts,Description,DIGIKEY,MOUSER,NEWARK,RICHARDSON_RFPD
,1,FRACTUS-2.4GHZ-FR05-S1-N-0-001,FRACTUS-2.4GHZ-FR05-S1-N-0-001,FRACTUS-ANTENNA-FR05-S1-N-0-001,A1,Fractus Reach Xtend,,,,FR05-S1-N-0001B
,1,BAL-NRF01D3,BAL-NRF01D3,BAL-NRF01D3,B1,"50 ohm nominal input / conjugate match balun to nRF51422-QFAA,",497-13637-1-ND,511-BAL-NRF01D3,,
,1,0.8pF,CAPACITOR,0402_CAP,C1,0402 Capacitor,490-6269-1-ND,,,
,1,1uF,CAPACITOR,0402_CAP,C12,0402 Capacitor,1276-1513-1-ND,,,
,1,2.2uF,CAPACITOR,0402_CAP,C13,0402 Capacitor,445-3882-1-ND,,,
,1,4.7uF,CAPACITOR,0402_CAP,C14,0402 Capacitor,445-5947-1-ND,,,
,2,12pF,CAPACITOR,0402_CAP,"C2, C3",0402 Capacitor,490-6197-1-ND,,,
,2,1nF,CAPACITOR,0402_CAP,"C4, C5",0402 Capacitor,490-1303-1-ND,,,
,1,2.2nF,CAPACITOR,0402_CAP,C6,0402 Capacitor,490-5419-1-ND,,,
DNP,1,10nF,CAPACITOR,0402_CAP,C7,0402 Capacitor,445-1260-1-ND,,,
,1,47nF,CAPACITOR,0402_CAP,C8,0402 Capacitor,445-1264-1-ND,,,
,2,0.1uF,CAPACITOR,0402_CAP,"C9, C10",0402 Capacitor,445-4952-1-ND,,,
DNP,1,0.1uF,CAPACITOR,0402_CAP,C11,0402 Capacitor,445-4952-1-ND,,,
,2,BLUE,LED0603,LED-0603,"D1, D2",LEDs,160-1837-1-ND,,,
,1,IMPULSE_GECKO_HEADER,IMPULSE_GECKO_HEADER,HEADER1X9/0.05IN,J1,Header on the impulse EPIC-esque board.,,,,
,1,10uH,INDUCTOR0603,0603_CAP,L1,,490-4025-1-ND,,,
,1,15nH,INDUCTOR0402,0402_CAP,L2,,587-1521-1-ND,,,
,1,MOSFET-NCHANNELXFDN-3,MOSFET-NCHANNELXFDN-3,XFDFN-3,Q1,Generic NMOS footprint,DMN2400UFB4-7DICT-ND,,,
,2,470,RESISTOR,0402_RES,"R1, R2",Resistor,RHM470CECT-ND,,,
,1,4.7M,RESISTOR,0402_RES,R10,Resistor,541-4.7MJCT-ND,,,
,1,4.7k,RESISTOR,0402_RES,R3,Resistor,RHM4.7KCECT-ND,,,
DNP,2,4.7k,RESISTOR,0402_RES,"R4, R5",Resistor,RHM4.7KCECT-ND,,,
DNP,2,10k,RESISTOR,0402_RES,"R6, R7",Resistor,RHM10KCECT-ND,,,
,1,12k,RESISTOR,0402_RES,R8,Resistor,RHM12.0KCDCT-ND,,,
,1,1M,RESISTOR,0402_RES,R9,Resistor,RHM1.0MCECT-ND,,,
,1,NRF51822QF,NRF51822QF,QFN-48-6MM,U1,Multiprotocol Bluetooth® 4.0 low energy/2.4 GHz RF SoC,1490-1042-1-ND,949-NRF51822-QFAC-R7,,
,1,FM25LBTDFN-8,FM25LBTDFN-8,TDFN-8@1,U2,IC FRAM 4KBIT 10MHZ 8SOIC,FM25L04B-DGRA-ND, 877-FM25L04B-DG ,,
DNP,1,RV-3049-C3,RV-3049-C3,MICRO-CRYSTAL-C3,U3,The RV-3049-C3 is an ultra miniature Real-Time-Clock Module,,,RV-3049-C3,
DNP,1,FM25V20-DG,FM25V20-DG,TDFN-8/6MM,U4,Cypress FRAM,FM25V20-DGRA-ND,877-FM25V20-DG,,
,1,16MHz,TXC-8Y,TXC-8Y,X1,2mmx1.6mm SMD Crystal,887-2003-1-ND,,,
